Site ID,Country,Region,Reporting Quarter,Primary Cement Type,Clinker Factor,SCM Share (%),Thermal Substitution Rate (%),Cementitious Production (tonnes),ECOPlanet Volume Share (%),Geocycle Waste Processed (tonnes),OE Priority Site
HLC-EU-001,France,Europe,2025-Q1,CEM II,0.776,23.9,17.2,691858,7.7,14571,Yes
HLC-EU-001,France,Europe,2025-Q2,CEM I,0.845,15.5,14.8,328496,7.9,7316,Yes
HLC-EU-001,France,Europe,2025-Q3,CEM II,0.765,22.2,21.4,915667,14.9,29344,Yes
HLC-EU-001,France,Europe,2025-Q4,CEM II,0.743,28.5,19.7,217251,12.2,4959,Yes
HLC-EU-002,Germany,Europe,2025-Q1,CEM I,0.756,22.2,30.0,202627,13.1,9893,No
HLC-EU-002,Germany,Europe,2025-Q2,CEM III,0.602,40.3,30.2,168050,25.4,7972,No
HLC-EU-002,Germany,Europe,2025-Q3,CEM V,0.551,47.1,29.7,595435,28.6,20608,No
HLC-EU-002,Germany,Europe,2025-Q4,CEM II,0.636,35.0,34.6,799514,13.7,39641,No
HLC-EU-003,Spain,Europe,2025-Q1,CEM II,0.738,28.7,27.6,350283,15.7,15902,No
HLC-EU-003,Spain,Europe,2025-Q2,CEM IV,0.627,34.5,26.9,400746,14.0,18466,No
HLC-EU-003,Spain,Europe,2025-Q3,CEM III,0.656,32.6,29.5,794079,18.5,24946,No
HLC-EU-003,Spain,Europe,2025-Q4,CEM II,0.72,26.6,31.5,731878,13.8,23509,No
HLC-EU-004,Poland,Europe,2025-Q1,CEM I,0.95,5.0,39.7,950555,0,52712,Yes
HLC-EU-004,Poland,Europe,2025-Q2,CEM II,0.913,8.5,39.0,700099,3.1,22131,Yes
HLC-EU-004,Poland,Europe,2025-Q3,CEM III,0.826,17.6,40.5,792097,7.0,35121,Yes
HLC-EU-004,Poland,Europe,2025-Q4,CEM II,0.869,14.4,44.8,644902,6.3,37752,Yes
HLC-EU-005,Italy,Europe,2025-Q1,CEM IV,0.49,49.2,43.6,289396,30.8,19933,No
HLC-EU-005,Italy,Europe,2025-Q2,CEM III,0.479,51.0,43.0,500612,39.5,35128,No
HLC-EU-005,Italy,Europe,2025-Q3,CEM II,0.552,47.1,50.1,209814,30.5,16977,No
HLC-EU-005,Italy,Europe,2025-Q4,CEM V,0.45,52.8,49.8,696510,24.1,46095,No
HLC-LA-006,Brazil,Latin America,2025-Q1,CEM V,0.665,34.7,61.6,538373,25.6,48085,No
HLC-LA-006,Brazil,Latin America,2025-Q2,CEM II,0.765,21.2,60.2,474508,7.6,38658,No
HLC-LA-006,Brazil,Latin America,2025-Q3,CEM III,0.655,35.8,60.7,190674,25.2,19201,No
HLC-LA-006,Brazil,Latin America,2025-Q4,CEM I,0.814,19.6,63.1,258739,10.4,27471,Yes
HLC-LA-007,Mexico,Latin America,2025-Q1,CEM II,0.759,21.6,27.4,491507,11.7,17047,No
HLC-LA-007,Mexico,Latin America,2025-Q2,CEM III,0.68,34.9,25.5,542179,20.6,22138,No
HLC-LA-007,Mexico,Latin America,2025-Q3,CEM I,0.811,19.1,27.3,312401,7.5,8940,Yes
HLC-LA-007,Mexico,Latin America,2025-Q4,CEM V,0.611,41.1,31.2,173045,24.6,7243,No
HLC-LA-008,Colombia,Latin America,2025-Q1,CEM IV,0.45,54.4,19.3,540521,42.6,10048,Yes
HLC-LA-008,Colombia,Latin America,2025-Q2,CEM I,0.621,40.5,22.6,419105,20.1,16640,Yes
HLC-LA-008,Colombia,Latin America,2025-Q3,CEM V,0.45,55.0,20.3,431120,25.4,7517,Yes
HLC-LA-008,Colombia,Latin America,2025-Q4,CEM III,0.45,53.9,21.2,619948,32.6,21705,Yes
HLC-LA-009,Argentina,Latin America,2025-Q1,CEM I,0.676,33.0,61.2,366629,16.5,39082,No
HLC-LA-009,Argentina,Latin America,2025-Q2,CEM III,0.521,45.1,59.1,809305,29.7,63320,No
HLC-LA-009,Argentina,Latin America,2025-Q3,CEM V,0.456,55.0,61.6,535011,23.0,47630,No
HLC-LA-009,Argentina,Latin America,2025-Q4,CEM II,0.595,43.1,61.7,771332,31.9,85495,No
HLC-AS-010,India,"Asia, Middle East and Africa",2025-Q1,CEM II,0.594,42.8,27.3,507477,19.3,17150,No
HLC-AS-010,India,"Asia, Middle East and Africa",2025-Q2,CEM III,0.479,55.0,28.4,674634,19.0,30940,No
HLC-AS-010,India,"Asia, Middle East and Africa",2025-Q3,CEM II,0.564,46.3,25.8,241035,32.6,9600,No
HLC-AS-010,India,"Asia, Middle East and Africa",2025-Q4,CEM II,0.538,44.4,28.6,840892,29.5,25566,No
HLC-AS-011,Morocco,"Asia, Middle East and Africa",2025-Q1,CEM IV,0.614,38.1,56.2,123717,19.0,6473,No
HLC-AS-011,Morocco,"Asia, Middle East and Africa",2025-Q2,CEM V,0.587,40.9,60.3,708153,14.7,37364,No
HLC-AS-011,Morocco,"Asia, Middle East and Africa",2025-Q3,CEM IV,0.627,37.6,62.6,730805,21.8,56223,No
HLC-AS-011,Morocco,"Asia, Middle East and Africa",2025-Q4,CEM I,0.775,25.1,64.9,161832,14.8,10606,No
HLC-AS-012,Egypt,"Asia, Middle East and Africa",2025-Q1,CEM IV,0.558,43.7,20.6,282060,33.9,6010,Yes
HLC-AS-012,Egypt,"Asia, Middle East and Africa",2025-Q2,CEM II,0.644,33.6,20.8,308073,23.5,7256,Yes
HLC-AS-012,Egypt,"Asia, Middle East and Africa",2025-Q3,CEM V,0.514,50.7,24.7,399766,20.9,14821,Yes
HLC-AS-012,Egypt,"Asia, Middle East and Africa",2025-Q4,CEM II,0.594,40.4,22.5,602662,20.5,22002,Yes
HLC-AS-013,UAE,"Asia, Middle East and Africa",2025-Q1,CEM III,0.788,19.8,22.9,930891,8.7,30720,Yes
HLC-AS-013,UAE,"Asia, Middle East and Africa",2025-Q2,CEM II,0.882,12.1,29.6,240944,5.7,7571,Yes
HLC-AS-013,UAE,"Asia, Middle East and Africa",2025-Q3,CEM III,0.792,18.1,29.1,482479,12.1,15612,No
HLC-AS-013,UAE,"Asia, Middle East and Africa",2025-Q4,CEM III,0.763,23.0,30.4,387095,7.9,14563,No
HLC-AS-014,South Africa,"Asia, Middle East and Africa",2025-Q1,CEM III,0.68,33.4,51.1,572248,11.7,42807,No
HLC-AS-014,South Africa,"Asia, Middle East and Africa",2025-Q2,CEM II,0.725,29.6,55.7,434910,14.7,35550,No
HLC-AS-014,South Africa,"Asia, Middle East and Africa",2025-Q3,CEM II,0.73,27.3,54.1,817229,19.1,65263,No
HLC-AS-014,South Africa,"Asia, Middle East and Africa",2025-Q4,CEM V,0.597,39.1,57.7,120425,19.5,7018,No
HLC-NO-015,USA,North America,2025-Q1,CEM II,0.838,17.2,43.6,952291,9.5,66236,Yes
HLC-NO-015,USA,North America,2025-Q2,CEM II,0.814,18.7,45.8,471470,6.1,37840,Yes
HLC-NO-015,USA,North America,2025-Q3,CEM II,0.813,20.5,44.4,168458,7.1,9536,Yes
HLC-NO-015,USA,North America,2025-Q4,CEM IV,0.694,30.1,48.8,323880,19.5,18709,No
HLC-NO-016,Canada,North America,2025-Q1,CEM III,0.634,38.8,24.2,936232,19.4,22154,Yes
HLC-NO-016,Canada,North America,2025-Q2,CEM V,0.569,40.4,21.9,247253,24.0,8683,Yes
HLC-NO-016,Canada,North America,2025-Q3,CEM III,0.617,38.8,27.6,584071,23.5,24523,No
HLC-NO-016,Canada,North America,2025-Q4,CEM III,0.601,40.2,28.8,899779,29.0,32415,No
HLC-EU-017,France,Europe,2025-Q1,CEM II,0.839,16.0,52.9,581239,4.9,33389,Yes
HLC-EU-017,France,Europe,2025-Q2,CEM II,0.811,19.1,53.8,362495,8.2,18583,Yes
HLC-EU-017,France,Europe,2025-Q3,CEM II,0.805,18.5,57.3,185290,7.3,12947,Yes
HLC-EU-017,France,Europe,2025-Q4,CEM V,0.682,33.0,61.1,922784,18.5,72015,No
HLC-EU-018,France,Europe,2025-Q1,CEM II,0.914,10.6,29.3,890319,2.4,36560,Yes
HLC-EU-018,France,Europe,2025-Q2,CEM II,0.878,11.9,27.7,472457,5.3,20921,Yes
HLC-EU-018,France,Europe,2025-Q3,CEM III,0.812,21.3,34.9,680069,5.7,28354,Yes
HLC-EU-018,France,Europe,2025-Q4,CEM III,0.77,23.9,31.3,604125,8.8,20077,No
HLC-EU-019,France,Europe,2025-Q1,CEM II,0.686,30.0,39.1,562042,13.9,19369,No
HLC-EU-019,France,Europe,2025-Q2,CEM I,0.743,28.7,37.0,801725,9.0,52086,No
HLC-EU-019,France,Europe,2025-Q3,CEM I,0.712,27.2,41.4,771517,11.3,29588,No
HLC-EU-019,France,Europe,2025-Q4,CEM III,0.564,41.9,42.1,924150,22.6,54656,No
HLC-EU-020,France,Europe,2025-Q1,CEM IV,0.793,19.6,49.2,447110,10.8,37599,No
HLC-EU-020,France,Europe,2025-Q2,CEM II,0.914,6.8,50.8,777711,1.9,59168,Yes
HLC-EU-020,France,Europe,2025-Q3,CEM II,0.894,12.4,53.5,713423,4.4,43819,Yes
HLC-EU-020,France,Europe,2025-Q4,CEM II,0.871,12.9,52.3,560463,6.4,26548,Yes
HLC-EU-021,France,Europe,2025-Q1,CEM IV,0.814,18.2,46.3,802054,7.3,59688,Yes
HLC-EU-021,France,Europe,2025-Q2,CEM III,0.815,18.1,47.8,401433,7.6,20044,Yes
HLC-EU-021,France,Europe,2025-Q3,CEM V,0.757,24.0,49.4,717530,13.6,41769,No
HLC-EU-021,France,Europe,2025-Q4,CEM I,0.95,5.0,47.6,956587,0,49207,Yes
HLC-EU-022,France,Europe,2025-Q1,CEM III,0.691,29.0,54.8,546170,16.7,46647,No
HLC-EU-022,France,Europe,2025-Q2,CEM III,0.686,31.3,59.6,217573,14.4,15623,No
HLC-EU-022,France,Europe,2025-Q3,CEM II,0.757,23.5,59.7,480455,11.8,44331,No
HLC-EU-022,France,Europe,2025-Q4,CEM II,0.749,23.8,59.4,246516,15.3,16327,No
HLC-EU-023,France,Europe,2025-Q1,CEM III,0.733,28.2,58.4,738226,19.3,57059,No
HLC-EU-023,France,Europe,2025-Q2,CEM II,0.799,18.3,59.6,308158,8.3,27676,No
HLC-EU-023,France,Europe,2025-Q3,CEM I,0.867,10.7,61.4,252413,6.0,24082,Yes
HLC-EU-023,France,Europe,2025-Q4,CEM I,0.855,13.2,64.1,477256,4.7,26030,Yes
HLC-EU-024,France,Europe,2025-Q1,CEM IV,0.794,18.0,38.2,176213,7.4,10853,No
HLC-EU-024,France,Europe,2025-Q2,CEM V,0.752,23.3,39.3,556390,14.0,34784,No
HLC-EU-024,France,Europe,2025-Q3,CEM II,0.879,11.8,40.1,737113,6.3,32680,Yes
HLC-EU-024,France,Europe,2025-Q4,CEM III,0.793,22.2,44.6,337881,11.2,16057,No
HLC-EU-025,France,Europe,2025-Q1,CEM III,0.486,50.8,27.4,612738,25.3,17323,No
HLC-EU-025,France,Europe,2025-Q2,CEM III,0.498,49.9,28.9,397405,35.9,16365,No
HLC-EU-025,France,Europe,2025-Q3,CEM III,0.497,49.8,29.5,799094,21.5,25155,No
HLC-EU-025,France,Europe,2025-Q4,CEM I,0.612,40.5,31.3,716856,29.1,27842,No
